Time,Actual Shipment,Desired Shipment,Production Start,Desired Production Start,Actual WIP,Desired WIP,Actual Production,Desired Production,Actual Inventory,Desired Inventory
0,10000,10000,10000,10000,80000,80000,10000,10000,40000,40000
0.1,10000,10000,10000,10000,80000,80000,10000,10000,40000,40000
0.2,10000,10000,10000,10000,80000,80000,10000,10000,40000,40000
0.3,10000,10000,10000,10000,80000,80000,10000,10000,40000,40000
0.4,10000,10000,10000,10000,80000,80000,10000,10000,40000,40000
0.5,10000,10000,10000,10000,80000,80000,10000,10000,40000,40000
0.6,10000,10000,10000,10000,80000,80000,10000,10000,40000,40000
0.7,10000,10000,10000,10000,80000,80000,10000,10000,40000,40000
0.8,10000,10000,10000,10000,80000,80000,10000,10000,40000,40000
0.9,10000,10000,10000,10000,80000,80000,10000,10000,40000,40000
1,10000,10000,10000,10000,80000,80000,10000,10000,40000,40000
1.1,10000,10000,10000,10000,80000,80000,10000,10000,40000,40000
1.2,10000,10000,10000,10000,80000,80000,10000,10000,40000,40000
1.3,10000,10000,10000,10000,80000,80000,10000,10000,40000,40000
1.4,10000,10000,10000,10000,80000,80000,10000,10000,40000,40000
1.5,10000,10000,10000,10000,80000,80000,10000,10000,40000,40000
1.6,10000,10000,10000,10000,80000,80000,10000,10000,40000,40000
1.7,10000,10000,10000,10000,80000,80000,10000,10000,40000,40000
1.8,10000,10000,10000,10000,80000,80000,10000,10000,40000,40000
1.9,10000,10000,10000,10000,80000,80000,10000,10000,40000,40000
2,10000,10000,10000,10000,80000,80000,10000,10000,40000,40000
2.1,10000,10000,10000,10000,80000,80000,10000,10000,40000,40000
2.2,10000,10000,10000,10000,80000,80000,10000,10000,40000,40000
2.3,10000,10000,10000,10000,80000,80000,10000,10000,40000,40000
2.4,10000,10000,10000,10000,80000,80000,10000,10000,40000,40000
2.5,10000,10000,10000,10000,80000,80000,10000,10000,40000,40000
2.6,10000,10000,10000,10000,80000,80000,10000,10000,40000,40000
2.7,10000,10000,10000,10000,80000,80000,10000,10000,40000,40000
2.8,10000,10000,10000,10000,80000,80000,10000,10000,40000,40000
2.9,10000,10000,10000,10000,80000,80000,10000,10000,40000,40000
3,10000,10000,10000,10000,80000,80000,10000,10000,40000,40000
3.1,10000,10000,10000,10000,80000,80000,10000,10000,40000,40000
3.2,10000,10000,10000,10000,80000,80000,10000,10000,40000,40000
3.3,10000,10000,10000,10000,80000,80000,10000,10000,40000,40000
3.4,10000,10000,10000,10000,80000,80000,10000,10000,40000,40000
3.5,10000,10000,10000,10000,80000,80000,10000,10000,40000,40000
3.6,10000,10000,10000,10000,80000,80000,10000,10000,40000,40000
3.7,10000,10000,10000,10000,80000,80000,10000,10000,40000,40000
3.8,10000,10000,10000,10000,80000,80000,10000,10000,40000,40000
3.9,10000,10000,10000,10000,80000,80000,10000,10000,40000,40000
4,10000,10000,10000,10000,80000,80000,10000,10000,40000,40000
4.1,10000,10000,10000,10000,80000,80000,10000,10000,40000,40000
4.2,10000,10000,10000,10000,80000,80000,10000,10000,40000,40000
4.3,10000,10000,10000,10000,80000,80000,10000,10000,40000,40000
4.4,10000,10000,10000,10000,80000,80000,10000,10000,40000,40000
4.5,10000,10000,10000,10000,80000,80000,10000,10000,40000,40000
4.6,10000,10000,10000,10000,80000,80000,10000,10000,40000,40000
4.7,10000,10000,10000,10000,80000,80000,10000,10000,40000,40000
4.8,10000,10000,10000,10000,80000,80000,10000,10000,40000,40000
4.9,10000,10000,10000,10000,80000,80000,10000,10000,40000,40000
5,10000,10000,10000,10000,80000,80000,10000,10000,40000,40000
5.1,10100,10100,10187.5,10187.5,80000,80300,10000,10037.5,40000,40100
5.2,10195,10195,10369.53125,10369.53125,80018.75,80606.25,10000,10075.78125,39990,40198.75
5.3,10285.25,10285.25,10546.08398,10546.08398,80055.70313,80918.29688,10000,10114.78711,39970.5,40296.26563
5.4,10370.9875,10370.9875,10717.16418,10717.16418,80110.31152,81235.71191,10000.00989,10154.46399,39941.975,40392.5623
5.5,10452.43813,10452.43813,10882.79189,10882.79189,80182.02695,81558.08859,10000.04804,10194.76107,39904.87724,40487.65528
5.6,10529.81622,10529.81622,11042.99966,11042.99966,80270.30134,81885.04052,10000.14003,10235.63007,39859.63823,40581.55958
5.7,10603.32541,10603.32541,11197.83114,11197.83114,80374.5873,82216.19966,10000.31745,10277.02496,39806.67061,40674.29009
5.8,10673.15914,10673.15914,11347.33978,11347.33978,80494.33867,82551.21458,10000.61687,10318.90182,39746.36982,40765.86146
5.9,10739.50118,10739.50118,11491.58764,11491.58764,80629.01096,82889.749,10001.0788,10361.21862,39679.11559,40856.2882
6,10802.52612,10802.52612,11630.64435,11630.64435,80778.06184,83231.48043,10001.74685,10403.93505,39605.27335,40945.58459
6.1,10862.39982,10862.39982,11764.58604,11764.58604,80940.95159,83576.09893,10002.6669,10447.01237,39525.19542,41033.76479
6.2,10919.27982,10919.27982,11893.49452,11893.49452,81117.14351,83923.30605,10003.88637,10490.41326,39439.22213,41120.84273
6.3,10973.31583,10969.40948,12017.45646,12017.45646,81306.10432,84272.81379,10005.45361,10534.10172,39347.68279,41206.83219
6.4,11024.84536,11013.89146,12136.31843,12136.31843,81507.30461,84623.95317,10007.41726,10577.99415,39251.2872,41291.74679
6.5,11074.15079,11056.24321,12250.00269,12250.00269,81720.19472,84976.16008,10009.82576,10622.02001,39150.63978,41375.59995
6.6,11121.33863,11096.5681,12358.65431,12358.65431,81944.21242,85329.21683,10012.72688,10666.1521,39045.99804,41458.40496
6.7,11166.51022,11134.96465,12462.41665,12462.41665,82178.80516,85682.91077,10016.1673,10710.36385,38937.61391,41540.17489
6.8,11209.76199,11171.52676,12561.43117,12561.43117,82423.43009,86037.03394,10020.19225,10754.62924,38825.73418,41620.92271
6.9,11251.18565,11206.34396,12655.83725,12655.83725,82677.55399,86391.38279,10024.84517,10798.92285,38710.60073,41700.66117
7,11290.86845,11239.50156,12745.77208,12745.77208,82940.65319,86745.75788,10030.16743,10843.21973,38592.45085,41779.40291
7.1,11328.89337,11271.08091,12831.37047,12831.37047,83212.21366,87099.96368,10036.19811,10887.49546,38471.51743,41857.16037
7.2,11365.33933,11301.15952,12912.76483,12912.76483,83491.7309,87453.80845,10042.97381,10931.72606,38348.02916,41933.94587
7.3,11400.28135,11329.8113,12990.08503,12990.08503,83778.71,87807.10405,10050.52847,10975.88801,38222.21058,42009.77154
7.4,11433.79079,11357.10667,13063.45836,13063.45836,84072.66565,88159.6659,10058.89327,11019.95824,38094.2823,42084.6494
7.5,11465.93545,11383.11279,13133.00947,13133.00947,84373.12216,88511.31289,10068.09655,11063.91411,37964.46096,42158.59128
7.6,11496.77982,11407.89362,13198.86036,13198.86036,84679.61346,88861.86734,10078.1637,11107.73342,37832.95934,42231.60889
7.7,11526.38513,11431.51013,13261.13031,13261.13031,84991.68312,89211.15499,10089.11715,11151.39437,37699.98635,42303.71378
7.8,11554.80963,11454.02044,13319.93592,13319.93592,85308.88444,89559.00503,10100.97635,11194.87563,37565.74705,42374.91736
7.9,11582.10861,11475.4799,13375.39107,13375.39107,85630.78039,89905.25003,10113.75776,11238.15625,37430.44264,42445.23089
8,11608.33461,11495.94126,13427.60694,13427.60694,85956.94373,90249.72609,10127.47487,11281.21576,37294.27043,42514.6655
8.1,11633.53755,11513.70735,13476.69202,13476.69202,86286.95693,90592.27277,10142.13825,11324.0341,37157.42379,42583.23219
8.2,11657.85218,11527.03065,13522.64289,13522.64289,86620.41231,90932.55847,10157.75558,11366.56981,37020.26688,42650.94178
8.3,11681.50065,11539.81251,13565.34677,13565.34677,86956.90104,91270.07566,10174.33169,11408.75946,36883.33937,42717.80501
8.4,11704.51002,11552.08288,13604.94001,13604.94001,87296.00255,91604.70606,10191.8687,11450.58826,36746.79129,42783.83245
8.5,11726.90588,11563.87037,13641.55376,13641.55376,87637.30968,91936.33376,10210.366,11492.04172,36610.76987,42849.03454
8.6,11748.71236,11575.20223,13675.31415,13675.31415,87980.42846,92264.8454,10229.82042,11533.10568,36475.41943,42913.42161
8.7,11769.95225,11586.10443,13706.34251,13706.34251,88324.97783,92590.13027,10250.22622,11573.76628,36340.88125,42977.00384
8.8,11790.64703,11596.6017,13734.75555,13734.75555,88670.58946,92912.08045,10271.57524,11614.01006,36207.29343,43039.79129
8.9,11810.81694,11606.7176,13760.66558,13760.66558,89016.90749,93230.59092,10293.85698,11653.82387,36074.79078,43101.7939
9,11830.48106,11616.47452,13784.18065,13784.18065,89363.58835,93545.55971,10317.0587,11693.19496,35943.50472,43163.02148
9.1,11849.65734,11625.89375,13805.40472,13805.40472,89710.30054,93856.88799,10341.16552,11732.111,35813.56314,43223.48371
9.2,11868.36265,11634.99551,13824.43788,13824.43788,90056.72446,94164.48017,10366.16057,11770.56002,35685.09032,43283.19016
9.3,11886.61287,11643.79903,13841.37643,13841.37643,90402.5522,94468.24404,10392.02504,11808.5305,35558.20682,43342.15029
9.4,11904.42292,11652.3225,13856.31308,13856.31308,90747.48733,94768.0908,10418.73838,11846.01135,35433.02942,43400.37341
9.5,11921.8068,11660.58319,13869.3371,13869.3371,91091.2448,95063.93521,10446.27833,11882.9919,35309.67101,43457.86874
9.6,11938.77764,11668.59747,13880.53442,13880.53442,91433.55068,95355.69562,10474.6211,11919.46195,35188.24053,43514.64538
9.7,11955.34776,11676.38079,13889.98778,13889.98778,91774.14201,95643.29405,10503.74147,11955.41176,35068.84289,43570.71231
9.8,11971.52872,11683.94779,13897.77685,13897.77685,92112.76664,95926.65627,10533.61291,11990.83203,34951.57896,43626.07841
9.9,11987.33133,11691.31228,13903.97837,13903.97837,92449.18304,96205.71182,10564.20767,12025.71398,34836.54547,43680.75243
10,12002.76572,11698.4873,13908.66624,13908.66624,92783.16011,96480.39407,10595.49693,12060.04926,34723.83501,43734.74302
10.1,12017.84136,11705.48512,13911.91163,13911.91163,93114.47704,96750.64024,10627.45089,12093.83003,34613.53597,43788.05874
10.2,12032.5671,11712.31732,13913.78311,13913.78311,93442.92311,97016.39146,10660.03891,12127.04893,34505.73255,43840.708
10.3,12046.95123,11718.99476,13914.3467,13914.3467,93768.29753,97277.59275,10693.22955,12159.69909,34400.50471,43892.69915
10.4,12061.0015,11725.52765,13913.66603,13913.66603,94090.40925,97534.19305,10726.99074,12191.77413,34297.92818,43944.04041
10.5,12074.72511,11731.92557,13911.80238,13911.80238,94409.07678,97786.14523,10761.28987,12223.26815,34198.07449,43994.73991
10.6,12088.12883,11738.19748,13908.81477,13908.81477,94724.12803,98033.40605,10796.09384,12254.17576,34101.01092,44044.80566
10.7,12101.21896,11744.35177,13904.76007,13904.76007,95035.40012,98275.93621,10831.3692,12284.49203,34006.80056,44094.24559
10.8,12114.00137,11750.21118,13899.69305,13899.69305,95342.73921,98513.70025,10867.08225,12314.21253,33915.5023,44143.06752
10.9,12126.49081,11749.9976,13893.65493,13893.65493,95646.00029,98746.64811,10903.19906,12343.33101,33827.18941,44191.27917
11,12138.99093,11750.1547,13886.32394,13886.32394,95945.04588,98974.155,10939.68563,12371.76937,33742.50956,44238.88818
11.1,12151.4832,11750.66967,13877.7974,13877.7974,96239.70971,99196.2436,10976.50791,12399.53045,33661.46265,44285.90208
11.2,12163.94972,11751.52995,13868.1672,13868.1672,96529.83866,99412.93845,11013.6319,12426.61731,33584.04647,44332.32831
11.3,12176.37322,11752.72319,13857.52012,13857.52012,96815.29219,99624.26594,11051.02371,12453.03324,33510.25667,44378.1742
11.4,12188.73706,11754.23724,13845.93806,13845.93806,97095.94183,99830.25436,11088.64959,12478.78179,33440.08672,44423.44702
11.5,12201.0252,11756.06018,13833.49832,13833.49832,97371.67067,100030.9339,11126.47599,12503.86673,33373.52795,44468.15394
11.6,12213.22219,11758.18026,13820.27386,13820.27386,97642.37291,100226.3365,11164.46962,12528.29206,33310.56953,44512.30201
11.7,12225.31317,11760.58594,13806.33349,13806.33349,97907.95333,100416.4962,11202.59748,12552.06203,33251.19847,44555.89824
11.8,12237.28388,11763.26584,13791.7421,13791.7421,98168.32693,100601.4489,11240.82695,12575.18111,33195.39962,44598.94951
11.9,12249.12059,11766.20878,13776.56089,13776.56089,98423.41845,100781.2322,11279.1258,12597.65402,33143.15574,44641.46264
12,12260.81015,11769.40374,13760.84754,13760.84754,98673.16196,100955.8856,11317.46223,12619.4857,33094.44744,44683.44436
12.1,12272.33996,11772.8399,13744.6564,13744.6564,98917.50049,101125.4506,11355.80499,12640.68133,33049.25329,44724.9013
12.2,12283.69796,11776.50657,13728.03863,13728.03863,99156.38563,101289.9703,11394.12331,12661.24629,33007.5498,44765.84004
12.3,12294.87264,11780.39327,13711.04245,13711.04245,99389.77716,101449.4896,11432.38705,12681.18621,32969.31147,44806.26704
12.4,12305.85297,11784.48964,13693.71318,13693.71318,99617.6427,101604.0552,11470.56666,12700.50691,32934.51085,44846.1887
12.5,12316.62849,11788.78551,13676.09349,13676.09349,99839.95735,101753.7155,11508.63325,12719.21443,32903.11855,44885.61134
12.6,12327.18921,11793.27089,13658.22348,13658.22348,100056.7034,101898.5203,11546.55865,12737.31503,32875.10332,44924.5412
12.7,12337.52567,11797.93592,13640.14082,13640.14082,100267.8699,102038.5212,11584.31536,12754.81515,32850.4321,44962.98443
12.8,12347.62887,11802.77093,13621.88088,13621.88088,100473.4524,102173.7713,11621.87668,12771.72142,32829.07004,45000.94713
12.9,12357.49033,11807.76639,13603.47687,13603.47687,100673.4528,102304.3252,11659.21666,12788.04066,32810.98062,45038.43529
13,12367.10201,11812.91295,13584.95989,13584.95989,100867.8788,102430.2389,11696.31014,12803.77986,32796.12565,45075.45485
13.1,12376.45636,11818.20143,13566.3591,13566.3591,101056.7438,102551.5696,11733.1328,12818.9462,32784.46536,45112.01166
13.2,12385.54629,11823.62279,13547.7018,13547.7018,101240.0665,102668.376,11769.66115,12833.54701,32775.9585,45148.11152
13.3,12394.36515,11829.16819,13529.01351,13529.01351,101417.8705,102780.718,11805.87255,12847.58975,32770.56234,45183.76012
13.4,12402.90674,11834.82893,13510.31806,13510.31806,101590.1846,102888.6566,11841.74522,12861.08207,32768.23277,45218.96312
13.5,12411.16529,11840.59649,13491.6377,13491.6377,101757.0419,102992.2538,11877.25828,12874.03173,32768.9244,45253.72608
13.6,12419.13547,11846.46253,13472.99316,13472.99316,101918.4798,103091.5729,11912.3917,12886.44662,32772.59058,45288.05451
13.7,12426.81234,11852.41887,13454.40374,13454.40374,102074.54,103186.678,11947.12637,12898.33475,32779.1835,45321.95382
13.8,12434.1914,11858.45749,13435.88736,13435.88736,102225.2677,103277.634,11981.44406,12909.70424,32788.65425,45355.4294
13.9,12441.26852,11864.57057,13417.46066,13417.46066,102370.7121,103364.5067,12015.32744,12920.56334,32800.95291,45388.48653
14,12448.04,11870.75046,13399.13904,13399.13904,102510.9254,103447.3628,12048.76008,12930.92035,32816.02859,45421.13045
14.1,12454.50247,11876.98966,13380.93675,13380.93675,102645.9633,103526.2694,12081.72644,12940.78368,32833.82956,45453.36632
14.2,12460.65299,11883.28089,13362.86691,13362.86691,102775.8843,103601.2945,12114.21187,12950.16181,32854.30323,45485.19924
14.3,12466.48895,11889.61701,13344.94161,13344.94161,102900.7498,103672.5064,12146.20262,12959.0633,32877.39633,45516.63425
14.4,12472.0081,11895.99108,13327.17195,13327.17195,103020.6237,103739.9741,12177.68579,12967.49676,32903.05489,45547.67632
14.5,12477.20854,11902.39633,13309.56806,13309.56806,103135.5723,103803.7667,12208.64939,12975.47084,32931.22436,45578.33037
14.6,12482.08873,11908.82619,13292.13919,13292.13919,103245.6642,103863.9541,12239.08225,12982.99426,32961.84967,45608.60124
14.7,12486.64742,11915.27424,13274.89375,13274.89375,103350.9699,103920.6059,12268.97407,12990.07574,32994.87527,45638.49372
14.8,12490.8837,11921.73428,13257.83933,13257.83933,103451.5619,103973.7924,12298.31539,12996.72405,33030.24526,45668.01255
14.9,12494.79699,11928.20026,13240.98277,13240.98277,103547.5142,104023.5838,12327.09756,13002.94798,33067.90337,45697.1624
15,12498.38698,11934.66632,13224.33018,13224.33018,103638.9028,104070.0505,12355.31276,13008.75631,33107.7931,45725.94787
15.1,12501.65366,11941.1268,13207.887,13207.887,103725.8045,104113.2628,12382.95394,13014.15785,33149.85774,45754.37352
15.2,12504.59732,11947.5762,13191.65803,13191.65803,103808.2978,104153.2911,12410.01484,13019.16139,33194.04046,45782.44385
15.3,12507.21851,11954.0092,13175.64742,13175.64742,103886.4621,104190.2056,12436.48995,13023.7757,33240.28432,45810.1633
15.4,12509.51805,11960.42069,13159.8588,13159.8588,103960.3779,104224.0764,12462.37452,13028.00955,33288.53239,45837.53626
15.5,12511.49702,11966.80572,13144.29522,13144.29522,104030.1263,104254.9734,12487.66452,13031.87167,33338.72778,45864.56706
15.6,12513.15673,11973.15951,13128.95922,13128.95922,104095.7894,104282.9662,12512.3566,13035.37078,33390.81366,45891.25997
15.7,12514.49875,11979.47748,13113.85286,13113.85286,104157.4496,104308.1243,12536.44812,13038.51554,33444.73337,45917.61922
15.8,12515.52488,11985.75521,13098.97776,13098.97776,104215.1901,104330.5165,12559.93711,13041.31456,33500.43043,45943.64898
15.9,12516.23712,11991.98847,13084.33509,13084.33509,104269.0942,104350.2115,12582.82222,13043.77643,33557.84862,45969.35337
16,12516.6377,11998.17321,13069.92561,13069.92561,104319.2455,104367.2774,12605.10276,13045.90967,33616.93199,45994.73645
16.1,12516.72904,12004.30553,13055.74974,13055.74974,104365.7278,104381.7818,12626.77861,13047.72272,33677.62495,46019.80224
16.2,12516.51376,12010.38172,13041.8075,13041.8075,104408.6249,104393.7919,12647.85025,13049.22399,33739.87226,46044.55472
16.3,12515.99467,12016.39824,13028.0986,13028.0986,104448.0206,104403.3742,12668.31872,13050.42178,33803.61911,46068.99778
16.4,12515.17476,12022.3517,13014.62244,13014.62244,104483.9986,104410.5948,12688.18561,13051.32435,33868.81116,46093.13531
16.5,12514.05718,12028.23891,13001.37812,13001.37812,104516.6423,104415.5188,12707.45301,13051.93985,33935.39455,46116.97112
16.6,12512.64523,12034.05681,12988.36448,12988.36448,104546.0348,104418.211,12726.12353,13052.27637,34003.31596,46140.50898
16.7,12510.94239,12039.80251,12975.58008,12975.58008,104572.2589,104418.7352,12744.20025,13052.3419,34072.52263,46163.75262
16.8,12508.95227,12045.4733,12963.02328,12963.02328,104595.3968,104417.1547,12761.6867,13052.14434,34142.9624,46186.70571
16.9,12506.6786,12051.06661,12950.6922,12950.6922,104615.5305,104413.5319,12778.58686,13051.69149,34214.58374,46209.37189
17,12504.12527,12056.58001,12938.58476,12938.58476,104632.741,104407.9284,12794.90511,13050.99106,34287.33577,46231.75474
17.1,12501.29627,12062.01125,12926.69871,12926.69871,104647.109,104400.4051,12810.64624,13050.05064,34361.16828,46253.8578
17.2,12498.19571,12067.35822,12915.0316,12915.0316,104658.7143,104391.022,12825.81542,13048.87775,34436.03178,46275.68458
17.3,12494.8278,12072.61893,12903.58086,12903.58086,104667.6359,104379.8381,12840.41814,13047.47976,34511.8775,46297.23852
17.4,12491.19685,12077.79157,12892.34375,12892.34375,104673.9521,104366.9117,12854.46027,13045.86396,34588.65742,46318.52304
17.5,12487.30727,12082.87445,12881.3174,12881.3174,104677.7405,104352.3002,12867.94797,13044.03753,34666.32429,46339.54151
17.6,12483.16355,12087.86601,12870.49883,12870.49883,104679.0774,104336.0601,12880.8877,13042.00751,34744.83164,46360.29724
17.7,12478.77025,12092.76485,12859.88495,12859.88495,104678.0385,104318.2468,12893.28621,13039.78084,34824.13381,46380.79352
17.8,12474.13201,12097.56968,12849.47258,12849.47258,104674.6984,104298.9149,12905.1505,13037.36436,34904.18595,46401.0336
17.9,12469.25352,12098.72762,12839.25845,12839.25845,104669.1306,104278.118,12916.48781,13034.76475,34984.94403,46421.02068
18,12464.31714,12098.71923,12829.01723,12829.01723,104661.4077,104255.5537,12927.30563,13031.94422,35066.72005,46440.75792
18.1,12459.38118,12098.76531,12818.68974,12818.68974,104651.5789,104231.1667,12937.61161,13028.89583,35149.57869,46460.24845
18.2,12454.44291,12098.86078,12808.29586,12808.29586,104639.6867,104205.0227,12947.41364,13025.62784,35233.46332,46479.49534
18.3,12449.49987,12099.00083,12797.85403,12797.85403,104625.7749,104177.1864,12956.71975,13022.14829,35318.3186,46498.50165
18.4,12444.54983,12099.18089,12787.38125,12787.38125,104609.8883,104147.7206,12965.53811,13018.46508,35404.0905,46517.27038
18.5,12439.59079,12099.39667,12776.89324,12776.89324,104592.0726,104116.6873,12973.87699,13014.58591,35490.72622,46535.8045
18.6,12434.62096,12099.64411,12766.40449,12766.40449,104572.3743,104084.1466,12981.74475,13010.51832,35578.17425,46554.10695
18.7,12429.63875,12099.91938,12755.92833,12755.92833,104550.8402,104050.1575,12989.14982,13006.26969,35666.38432,46572.18061
18.8,12424.64278,12100.21888,12745.47702,12745.47702,104527.5181,104014.7777,12996.10067,13001.84721,35755.30736,46590.02835
18.9,12419.63184,12100.5392,12735.0618,12735.0618,104502.4557,103978.0635,13002.60581,12997.25793,35844.89554,46607.653
19,12414.60488,12100.87716,12724.69297,12724.69297,104475.7013,103940.0698,13008.67375,12992.50873,35935.1022,46625.05733
19.1,12409.56102,12101.22974,12714.37994,12714.37994,104447.3032,103900.8505,13014.31303,12987.60631,36025.88186,46642.24412
19.2,12404.49953,12101.59412,12704.13129,12704.13129,104417.3099,103860.458,13019.53215,12982.55725,36117.19019,46659.21607
19.3,12399.41983,12101.96766,12693.95483,12693.95483,104385.7698,103818.9436,13024.33962,12977.36795,36208.98399,46675.97587
19.4,12394.32144,12102.34786,12683.85764,12683.85764,104352.7314,103776.3573,13028.74391,12972.04466,36301.22119,46692.52617
19.5,12389.20405,12102.7324,12673.84612,12673.84612,104318.2427,103732.748,13032.75347,12966.5935,36393.86079,46708.86959
19.6,12384.06743,12103.11911,12663.92604,12663.92604,104282.352,103688.1633,13036.3767,12961.02041,36486.8629,46725.00872
19.7,12378.91147,12103.50596,12654.10258,12654.10258,104245.1069,103642.6497,13039.62197,12955.33121,36580.18866,46740.94611
19.8,12373.73618,12103.89104,12644.38037,12644.38037,104206.555,103596.2526,13042.49757,12949.53157,36673.80026,46756.68428
19.9,12368.54162,12104.27259,12634.76354,12634.76354,104166.7433,103549.0163,13045.01177,12943.62704,36767.66091,46772.22573
20,12363.328,12104.64898,12625.25571,12625.25571,104125.7185,103500.9839,13047.17276,12937.62299,36861.73483,46787.57291
20.1,12358.09555,12105.01866,12615.86009,12615.86009,104083.5267,103452.1975,13048.98868,12931.52469,36955.98721,46802.72825
20.2,12352.84461,12105.38024,12606.57945,12606.57945,104040.2139,103402.6982,13050.46759,12925.33728,37050.38421,46817.69414
20.3,12347.5756,12105.7324,12597.41619,12597.41619,103995.8251,103352.526,13051.6175,12919.06574,37144.89294,46832.47297
20.4,12342.28898,12106.07393,12588.37235,12588.37235,103950.4049,103301.7197,13052.44634,12912.71496,37239.48145,46847.06706
20.5,12336.98529,12106.40372,12579.44964,12579.44964,103903.9975,103250.3175,13052.96198,12906.28968,37334.1187,46861.47872
20.6,12331.6651,12106.72076,12570.64946,12570.64946,103856.6463,103198.3562,13053.17219,12899.79452,37428.77452,46875.71023
20.7,12326.32906,12107.0241,12561.97292,12561.97292,103808.394,103145.8719,13053.0847,12893.23399,37523.41967,46889.76386
20.8,12320.97786,12107.31291,12553.42088,12553.42088,103759.2829,103092.8997,13052.70713,12886.61246,37618.02572,46903.64181
20.9,12315.61221,12107.58639,12544.99395,12544.99395,103709.3542,103039.4737,13052.04705,12879.93421,37712.56515,46917.34629
21,12310.23289,12107.84386,12536.69251,12536.69251,103658.6489,102985.6272,13051.11192,12873.20339,37807.01121,46930.87946
21.1,12304.8407,12108.08468,12528.51674,12528.51674,103607.207,102931.3924,13049.90915,12866.42405,37901.33802,46944.24346
21.2,12299.43646,12108.30829,12520.46663,12520.46663,103555.0677,102876.8008,13048.44606,12859.6001,37995.52047,46957.44042
21.3,12294.02105,12108.51418,12512.54198,12512.54198,103502.2698,102821.883,13046.72987,12852.73538,38089.53424,46970.47241
21.4,12288.59534,12108.70192,12504.74244,12504.74244,103448.851,102766.6687,13044.76775,12845.83359,38183.35581,46983.34151
21.5,12283.16024,12108.87112,12497.06753,12497.06753,103394.8485,102711.1868,13042.56674,12838.89835,38276.96239,46996.04974
21.6,12277.71669,12109.02145,12489.5166,12489.5166,103340.2986,102655.4654,13040.13384,12831.93318,38370.33196,47008.59912
21.7,12272.26562,12109.15262,12482.08889,12482.08889,103285.2368,102599.5317,13037.47593,12824.94146,38463.44319,47020.99163
21.8,12266.80798,12109.2644,12474.78355,12474.78355,103229.6981,102543.4122,13034.59984,12817.92652,38556.27553,47033.22923
21.9,12261.34476,12109.35661,12467.59959,12467.59959,103173.7165,102487.1325,13031.51228,12810.89157,38648.80907,47045.31387
22,12255.87693,12109.42909,12460.53595,12460.53595,103117.3252,102430.7177,13028.21989,12803.83971,38741.02464,47057.24745
22.1,12250.40548,12109.48173,12453.59148,12453.59148,103060.5568,102374.1918,13024.72922,12796.77398,38832.90372,47069.03185
22.2,12244.93139,12109.51448,12446.76497,12446.76497,103003.4431,102317.5784,13021.04672,12789.6973,38924.42847,47080.66895
22.3,12239.45567,12109.52729,12440.05511,12440.05511,102946.0149,102260.9001,13017.17876,12782.61251,39015.58169,47092.16059
22.4,12233.9793,12109.52016,12433.46056,12433.46056,102888.3025,102204.1789,13013.13164,12775.52236,39106.34684,47103.50859
22.5,12228.5033,12107.8557,12426.97992,12426.97992,102830.3354,102147.4362,13008.91153,12768.42952,39196.70799,47114.71473
22.6,12223.11051,12105.2009,12420.50938,12420.50938,102772.1423,102090.5288,13004.52453,12761.3161,39286.81357,47125.78079
22.7,12217.85047,12102.66257,12413.99193,12413.99193,102713.7407,102033.3797,12999.97666,12754.17246,39376.74593,47136.70853
22.8,12212.71734,12100.23471,12407.44243,12407.44243,102655.1423,101976.0217,12995.27384,12747.00271,39466.47734,47147.49968
22.9,12207.7056,12097.91163,12400.87453,12400.87453,102596.3591,101918.4865,12990.42188,12739.81082,39555.98125,47158.15593
23,12202.81002,12095.68793,12394.30072,12394.30072,102537.4044,101860.8047,12985.4265,12732.60058,39645.23228,47168.67898
23.1,12198.02562,12093.55847,12387.73244,12387.73244,102478.2918,101803.0053,12980.29331,12725.37567,39734.20613,47179.07049
23.2,12193.3477,12091.5184,12381.18009,12381.18009,102419.0357,101745.1167,12975.02779,12718.13959,39822.87962,47189.33211
23.3,12188.77178,12089.56308,12374.65317,12374.65317,102359.651,101687.1658,12969.63532,12710.89573,39911.23056,47199.46546
23.4,12184.29363,12087.68814,12368.16029,12368.16029,102300.1527,101629.1786,12964.12114,12703.64733,39999.23778,47209.47214
23.5,12179.90922,12085.88942,12361.70926,12361.70926,102240.5567,101571.1801,12958.49038,12696.39752,40086.88108,47219.35374
23.6,12175.61475,12084.16295,12355.30716,12355.30716,102180.8785,101513.1943,12952.74805,12689.14929,40174.14118,47229.11182
23.7,12171.4066,12082.505,12348.96032,12348.96032,102121.1345,101455.2441,12946.89901,12681.90551,40260.99969,47238.74792
23.8,12167.28135,12080.91201,12342.67448,12342.67448,102061.3406,101397.3516,12940.94803,12674.66895,40347.43909,47248.26357
23.9,12163.23575,12079.3806,12336.45473,12336.45473,102001.5132,101339.5381,12934.89974,12667.44227,40433.44269,47257.66028
24,12159.26672,12077.90758,12330.30562,12330.30562,101941.6687,101281.824,12928.75868,12660.228,40518.9946,47266.93953
24.1,12155.37134,12076.48991,12324.23118,12324.23118,101881.8234,101224.2286,12922.52923,12653.02858,40604.07971,47276.10278
24.2,12151.54685,12075.12472,12318.23497,12318.23497,101821.9936,101166.7708,12916.2157,12645.84636,40688.68365,47285.1515
24.3,12147.79061,12073.80927,12312.32008,12312.32008,101762.1955,101109.4686,12909.82227,12638.68357,40772.79274,47294.0871
24.4,12144.10015,12072.54098,12306.48921,12306.48921,101702.4453,101052.339,12903.353,12631.54237,40856.39404,47302.91101
24.5,12140.4731,12071.3174,12300.74467,12300.74467,101642.7589,100995.3986,12896.81187,12624.42483,40939.47525,47311.62463
24.6,12136.90723,12070.13619,12295.08843,12295.08843,101583.1522,100938.6633,12890.20275,12617.33291,41022.02469,47320.22932
24.7,12133.40042,12068.99516,12289.52211,12289.52211,101523.6408,100882.148,12883.5294,12610.2685,41104.03135,47328.72645
24.8,12129.95066,12067.89222,12284.04706,12284.04706,101464.2401,100825.8673,12876.7955,12603.23342,41185.48477,47337.11737
24.9,12126.55605,12066.82538,12278.66434,12278.66434,101404.9652,100769.8351,12870.00463,12596.22939,41266.3751,47345.4034
25,12123.21478,12065.79277,12273.37476,12273.37476,101345.8312,100714.0646,12863.16029,12589.25807,41346.69303,47353.58586
25.1,12119.92514,12064.79262,12268.17889,12268.17889,101286.8526,100658.5683,12856.26588,12582.32104,41426.42978,47361.66604
25.2,12116.68551,12063.82324,12263.07712,12263.07712,101228.0439,100603.3585,12849.32472,12575.41982,41505.5771,47369.64521
25.3,12113.49435,12062.88304,12258.06959,12258.06959,101169.4192,100548.4467,12842.34006,12568.55584,41584.12725,47377.52465
25.4,12110.3502,12061.9705,12253.15632,12253.15632,101110.9921,100493.8438,12835.31506,12561.73048,41662.07295,47385.30559
25.5,12107.25167,12061.08421,12248.33712,12248.33712,101052.7763,100439.5604,12828.25281,12554.94505,41739.40741,47392.98927
25.6,12104.19746,12060.2228,12243.61168,12243.61168,100994.7847,100385.6064,12821.15633,12548.20081,41816.12427,47400.5769
25.7,12101.18632,12059.38499,12238.97955,12238.97955,100937.0302,100331.9915,12814.02856,12541.49893,41892.21762,47408.06969
25.8,12098.21707,12058.56958,12234.44014,12234.44014,100879.5253,100278.7245,12806.87239,12534.84056,41967.68198,47415.46882
25.9,12095.28859,12057.77542,12229.99278,12229.99278,100822.2821,100225.8141,12799.69061,12528.22677,42042.51226,47422.77546
26,12092.39982,12057.00143,12225.63667,12225.63667,100765.3123,100173.2685,12792.48597,12521.65857,42116.70378,47429.99077
26.1,12089.54975,12056.24658,12221.37094,12221.37094,100708.6274,100121.0954,12785.26116,12515.13693,42190.25223,47437.11588
26.2,12086.73742,12055.50989,12217.19464,12217.19464,100652.2384,100069.3021,12778.0188,12508.66276,42263.15369,47444.15193
26.3,12083.96193,12054.79047,12213.10673,12213.10673,100596.1559,100017.8955,12770.76145,12502.23694,42335.40458,47451.10004
26.4,12081.2224,12054.08743,12209.10612,12209.10612,100540.3905,99966.88217,12763.49162,12495.86027,42407.00168,47457.96129
26.5,12078.51803,12053.39996,12205.19167,12205.19167,100484.9519,99916.26821,12756.21174,12489.53353,42477.9421,47464.73677
26.6,12075.84803,12052.72729,12201.36217,12201.36217,100429.8499,99866.0594,12748.92422,12483.25742,42548.22328,47471.42756
26.7,12073.21167,12052.06869,12197.61638,12197.61638,100375.0937,99816.26117,12741.63139,12477.03265,42617.84297,47478.03472
26.8,12070.60823,12051.42347,12193.95302,12193.95302,100320.6922,99766.8786,12734.33553,12470.85983,42686.79924,47484.55928
26.9,12068.03706,12050.79099,12190.37079,12190.37079,100266.654,99717.91642,12727.03887,12464.73955,42755.09045,47491.00229
27,12065.49751,12050.17062,12186.86833,12186.86833,100212.9871,99669.37905,12719.7436,12458.67238,42822.71524,47497.36476
27.1,12062.98898,12049.56178,12183.4443,12183.4443,100159.6996,99621.27057,12712.45185,12452.65882,42889.67253,47503.6477
27.2,12060.51089,12048.96395,12180.0973,12180.0973,100106.7989,99573.59478,12705.16569,12446.69935,42955.96154,47509.85211
27.3,12058.06269,12048.37659,12176.82595,12176.82595,100054.292,99526.35515,12697.88716,12440.79439,43021.58172,47515.97895
27.4,12055.64386,12047.79923,12173.62885,12173.62885,100002.1859,99479.55488,12690.61825,12434.94436,43086.53277,47522.02922
27.5,12053.2539,12047.23142,12170.50457,12170.50457,99950.48697,99433.19688,12683.36088,12429.14961,43150.81467,47528.00385
27.6,12050.89233,12046.67271,12167.4517,12167.4517,99899.20134,99387.28379,12676.11694,12423.41047,43214.42762,47533.9038
27.7,12048.5587,12046.12271,12164.46883,12164.46883,99848.33481,99341.81798,12668.88829,12417.72725,43277.37204,47539.73001
27.8,12046.25256,12045.58104,12161.55453,12161.55453,99797.89287,99296.80154,12661.67671,12412.10019,43339.6486,47545.48338
27.9,12043.97351,12043.97351,12158.7074,12158.7074,99747.88065,99252.23635,12654.48395,12406.52954,43401.25817,47551.16484
28,12041.77483,12041.77483,12155.85889,12155.85889,99698.30299,99208.01663,12647.31173,12401.00208,43462.30921,47556.77528
28.1,12039.68609,12039.68609,12152.97356,12152.97356,99649.15771,99164.08386,12640.1617,12395.51048,43522.8629,47562.31559
28.2,12037.70179,12037.70179,12150.06147,12150.06147,99600.4389,99120.44947,12633.03547,12390.05618,43582.91046,47567.78664
28.3,12035.8167,12035.8167,12147.13181,12147.13181,99552.1415,99077.1241,12625.93463,12384.64051,43642.44383,47573.18931
28.4,12034.02586,12034.02586,12144.19296,12144.19296,99504.26121,99034.11771,12618.86068,12379.26471,43701.45562,47578.52444
28.5,12032.32457,12032.32457,12141.2525,12141.2525,99456.79444,98991.43956,12611.81509,12373.92994,43759.93911,47583.79289
28.6,12030.70834,12030.70834,12138.31733,12138.31733,99409.73818,98949.09827,12604.79926,12368.63728,43817.88816,47588.99548
28.7,12029.17292,12029.17292,12135.39366,12135.39366,99363.08999,98907.10185,12597.81454,12363.38773,43875.29725,47594.13303
28.8,12027.71428,12027.71428,12132.48711,12132.48711,99316.8479,98865.4577,12590.8622,12358.18221,43932.16141,47599.20637
28.9,12026.32856,12026.32856,12129.60272,12129.60272,99271.01039,98824.17267,12583.94347,12353.02158,43988.4762,47604.21629
29,12025.01213,12025.01213,12126.74501,12126.74501,99225.57632,98783.25307,12577.05953,12347.90663,44044.23769,47609.16359
29.1,12023.76153,12023.76153,12123.918,12123.918,99180.54487,98742.70469,12570.21146,12342.83809,44099.44243,47614.04904
29.2,12022.57345,12022.57345,12121.12528,12121.12528,99135.91552,98702.53286,12563.40031,12337.81661,44154.08743,47618.87343
29.3,12021.44478,12021.44478,12118.37001,12118.37001,99091.68802,98662.74242,12556.62708,12332.8428,44208.17011,47623.63751
29.4,12020.37254,12020.37254,12115.65496,12115.65496,99047.86231,98623.33778,12549.8927,12327.91722,44261.68834,47628.34204
29.5,12019.35391,12019.35391,12112.98257,12112.98257,99004.43854,98584.32294,12543.19805,12323.04037,44314.64036,47632.98777
29.6,12018.38622,12018.38622,12110.35494,12110.35494,98961.41699,98545.70149,12536.54396,12318.21269,44367.02477,47637.57542
29.7,12017.46691,12017.46691,12107.77385,12107.77385,98918.79808,98507.47663,12529.93121,12313.43458,44418.84055,47642.10573
29.8,12016.59356,12016.59356,12105.24085,12105.24085,98876.58235,98469.65124,12523.36053,12308.7064,44470.08698,47646.57941
29.9,12015.76388,12015.76388,12102.75719,12102.75719,98834.77038,98432.22781,12516.83262,12304.02848,44520.76367,47650.99716
30,12014.97569,12014.97569,12100.32392,12100.32392,98793.36284,98395.20855,12510.34812,12299.40107,44570.87055,47655.3597
30.1,12014.2269,12014.2269,12097.94186,12097.94186,98752.36042,98358.59532,12503.90763,12294.82441,44620.40779,47659.6677
30.2,12013.51556,12013.51556,12095.61164,12095.61164,98711.76384,98322.3897,12497.51173,12290.29871,44669.37586,47663.92186
30.3,12012.83978,12012.83978,12093.33372,12093.33372,98671.57383,98286.59302,12491.16095,12285.82413,44717.77548,47668.12283
30.4,12012.19779,12012.19779,12091.10838,12091.10838,98631.79111,98251.20629,12484.85579,12281.40079,44765.6076,47672.2713
30.5,12011.5879,12011.5879,12088.93577,12088.93577,98592.41637,98216.23032,12478.59671,12277.02879,44812.8734,47676.36791
30.6,12011.00851,12011.00851,12086.81589,12086.81589,98553.45027,98181.66564,12472.38415,12272.70821,44859.57428,47680.41331
30.7,12010.45808,12010.45808,12084.74864,12084.74864,98514.89345,98147.51258,12466.21852,12268.43907,44905.71184,47684.40814
30.8,12009.93518,12009.93518,12082.73379,12082.73379,98476.74646,98113.77123,12460.10019,12264.2214,44951.28789,47688.35304
30.9,12009.43842,12009.43842,12080.77102,12080.77102,98439.00982,98080.44149,12454.02953,12260.05519,44996.30439,47692.24863
31,12008.9665,12008.9665,12078.85993,12078.85993,98401.68397,98047.52305,12448.00687,12255.94038,45040.7635,47696.09552
31.1,12008.51817,12008.51817,12077.00001,12077.00001,98364.76927,98015.01544,12442.03252,12251.87693,45084.66754,47699.89432
31.2,12008.09226,12008.09226,12075.19072,12075.19072,98328.26602,97982.91796,12436.10677,12247.86475,45128.01897,47703.64565
31.3,12007.68765,12007.68765,12073.43142,12073.43142,98292.17442,97951.2298,12430.22989,12243.90373,45170.82042,47707.35007
31.4,12007.30327,12007.30327,12071.72143,12071.72143,98256.49457,97919.94995,12424.40212,12239.99374,45213.07465,47711.0082
31.5,12006.93811,12006.93811,12070.06004,12070.06004,98221.2265,97889.07726,12418.62371,12236.13466,45254.78453,47714.6206
31.6,12006.5912,12006.5912,12068.44645,12068.44645,98186.37013,97858.61042,12412.89488,12232.3263,45295.95309,47718.18784
31.7,12006.26164,12006.26164,12066.87986,12066.87986,98151.92529,97828.54801,12407.21582,12228.5685,45336.58346,47721.71049
31.8,12005.94856,12005.94856,12065.35943,12065.35943,98117.89169,97798.88845,12401.58672,12224.86106,45376.67888,47725.18911
31.9,12005.65113,12005.65113,12063.88429,12063.88429,98084.26897,97769.63004,12396.00776,12221.20376,45416.24269,47728.62425
32,12005.36857,12005.36857,12062.45355,12062.45355,98051.05662,97740.77097,12390.47909,12217.59637,45455.27836,47732.01644
32.1,12005.10015,12005.10015,12061.06628,12061.06628,98018.25406,97712.3093,12385.00087,12214.03866,45493.78941,47735.36624
32.2,12004.84514,12004.84514,12059.72157,12059.72157,97985.86061,97684.243,12379.57323,12210.53037,45531.77948,47738.67416
32.3,12004.60288,12004.60288,12058.41847,12058.41847,97953.87544,97656.56991,12374.19628,12207.07124,45569.25229,47741.94073
32.4,12004.37274,12004.37274,12057.15604,12057.15604,97922.29766,97629.28779,12368.87015,12203.66097,45606.21163,47745.16647
32.5,12004.1541,12004.1541,12055.93332,12055.93332,97891.12625,97602.3943,12363.59494,12200.29929,45642.66137,47748.35189
32.6,12003.9464,12003.9464,12054.74935,12054.74935,97860.36009,97575.88702,12358.37072,12196.98588,45678.60546,47751.49749
32.7,12003.74908,12003.74908,12053.60317,12053.60317,97829.99795,97549.76344,12353.19759,12193.72043,45714.04789,47754.60377
32.8,12003.56162,12003.56162,12052.49384,12052.49384,97800.03851,97524.02094,12348.07561,12190.50262,45748.99274,47757.67123
32.9,12003.38354,12003.38354,12051.42038,12051.42038,97770.48033,97498.65687,12343.00483,12187.33211,45783.44414,47760.70034
33,12003.21436,12003.21436,12050.38186,12050.38186,97741.32188,97473.66848,12337.98532,12184.20856,45817.40627,47763.69158
33.1,12003.05365,12003.05365,12049.37733,12049.37733,97712.56154,97449.05295,12333.01709,12181.13162,45850.88336,47766.64544
33.2,12002.90096,12002.90096,12048.40585,12048.40585,97684.19756,97424.8074,12328.1002,12178.10093,45883.87971,47769.56237
33.3,12002.75591,12002.75591,12047.46649,12047.46649,97656.22813,97400.92889,12323.23464,12175.11611,45916.39963,47772.44284
33.4,12002.61812,12002.61812,12046.55835,12046.55835,97628.65131,97377.41441,12318.42044,12172.1768,45948.4475,47775.28731
33.5,12002.48721,12002.48721,12045.68051,12045.68051,97601.4651,97354.26091,12313.6576,12169.28261,45980.02774,47778.09621
33.6,12002.36285,12002.36285,12044.83209,12044.83209,97574.66739,97331.46526,12308.94609,12166.43316,46011.14478,47780.87001
33.7,12002.24471,12002.24471,12044.0122,12044.0122,97548.25599,97309.02431,12304.28591,12163.62804,46041.8031,47783.60914
33.8,12002.13247,12002.13247,12043.21997,12043.21997,97522.22862,97286.93485,12299.67703,12160.86686,46072.00722,47786.31402
33.9,12002.02585,12002.02585,12042.45455,12042.45455,97496.58292,97265.19361,12295.1194,12158.1492,46101.76168,47788.9851
34,12001.92456,12001.92456,12041.71511,12041.71511,97471.31643,97243.79732,12290.61298,12155.47466,46131.07103,47791.62278
34.1,12001.82833,12001.82833,12041.00082,12041.00082,97446.42664,97222.74262,12286.15771,12152.84283,46159.93987,47794.2275
34.2,12001.73691,12001.73691,12040.31087,12040.31087,97421.91095,97202.02615,12281.75353,12150.25327,46188.37281,47796.79965
34.3,12001.65007,12001.65007,12039.64447,12039.64447,97397.76669,97181.6445,12277.40035,12147.70556,46216.37447,47799.33966
34.4,12001.56756,12001.56756,12039.00085,12039.00085,97373.9911,97161.59424,12273.09809,12145.19928,46243.9495,47801.84791
34.5,12001.48919,12001.48919,12038.37924,12038.37924,97350.58138,97141.87189,12268.84666,12142.73399,46271.10255,47804.32481
34.6,12001.41473,12001.41473,12037.77891,12037.77891,97327.53464,97122.47396,12264.64594,12140.30925,46297.8383,47806.77075
34.7,12001.34399,12001.34399,12037.19912,12037.19912,97304.84793,97103.39694,12260.49583,12137.92462,46324.16142,47809.18612
34.8,12001.27679,12001.27679,12036.63917,12036.63917,97282.51826,97084.63727,12256.3962,12135.57966,46350.07661,47811.57129
34.9,12001.21295,12001.21295,12036.09835,12036.09835,97260.54256,97066.19141,12252.34692,12133.27393,46375.58855,47813.92665
35,12001.1523,12001.1523,12035.576,12035.576,97238.9177,97048.05576,12248.34783,12131.00697,46400.70194,47816.25257
35.1,12001.09469,12001.09469,12035.07145,12035.07145,97217.64052,97030.22674,12244.3988,12128.77834,46425.4215,47818.54941
35.2,12001.03995,12001.03995,12034.58406,12034.58406,97196.70778,97012.70072,12240.49965,12126.58759,46449.75191,47820.81754
35.3,12000.98796,12000.98796,12034.1132,12034.1132,97176.11622,96995.4741,12236.65021,12124.43426,46473.69788,47823.05732
35.4,12000.93856,12000.93856,12033.65825,12033.65825,97155.86252,96978.54322,12232.8503,12122.3179,46497.2641,47825.26911
35.5,12000.89163,12000.89163,12033.21863,12033.21863,97135.94332,96961.90446,12229.09973,12120.23806,46520.45528,47827.45324
35.6,12000.84705,12000.84705,12032.79374,12032.79374,97116.35521,96945.55415,12225.3983,12118.19427,46543.27609,47829.61008
35.7,12000.8047,12000.8047,12032.38303,12032.38303,97097.09475,96929.48865,12221.7458,12116.18608,46565.73121,47831.73995
35.8,12000.76446,12000.76446,12031.98594,12031.98594,97078.15848,96913.70429,12218.142,12114.21304,46587.82532,47833.8432
35.9,12000.72624,12000.72624,12031.60195,12031.60195,97059.54287,96898.19742,12214.58669,12112.27468,46609.56307,47835.92016
36,12000.68993,12000.68993,12031.23053,12031.23053,97041.2444,96882.96436,12211.07963,12110.37055,46630.94912,47837.97116
36.1,12000.65543,12000.65543,12030.87118,12030.87118,97023.25949,96868.00148,12207.62057,12108.50018,46651.98809,47839.99652
36.2,12000.62266,12000.62266,12030.52341,12030.52341,97005.58455,96853.30509,12204.20925,12106.66314,46672.6846,47841.99657
36.3,12000.59153,12000.59153,12030.18674,12030.18674,96988.21596,96838.87156,12200.84542,12104.85895,46693.04326,47843.97161
36.4,12000.56195,12000.56195,12029.86073,12029.86073,96971.15009,96824.69724,12197.5288,12103.08715,46713.06865,47845.92196
36.5,12000.53385,12000.53385,12029.54491,12029.54491,96954.38329,96810.77848,12194.25911,12101.34731,46732.76534,47847.84794
36.6,12000.50716,12000.50716,12029.23885,12029.23885,96937.91187,96797.11166,12191.03607,12099.63896,46752.13786,47849.74984
36.7,12000.4818,12000.4818,12028.94214,12028.94214,96921.73215,96783.69315,12187.85937,12097.96164,46771.19075,47851.62797
36.8,12000.45771,12000.45771,12028.65438,12028.65438,96905.84042,96770.51934,12184.72873,12096.31492,46789.92851,47853.48262
36.9,12000.43483,12000.43483,12028.37516,12028.37516,96890.23299,96757.58664,12181.64381,12094.69833,46808.35561,47855.31408
37,12000.41308,12000.41308,12028.1041,12028.1041,96874.90612,96744.89146,12178.60432,12093.11143,46826.47651,47857.12266
37.1,12000.39243,12000.39243,12027.84085,12027.84085,96859.8561,96732.43024,12175.60992,12091.55378,46844.29563,47858.90862
37.2,12000.37281,12000.37281,12027.58504,12027.58504,96845.07919,96720.19942,12172.66028,12090.02493,46861.81738,47860.67227
37.3,12000.35417,12000.35417,12027.33633,12027.33633,96830.57167,96708.19546,12169.75505,12088.52443,46879.04613,47862.41386
37.4,12000.33646,12000.33646,12027.09438,12027.09438,96816.3298,96696.41485,12166.89391,12087.05186,46895.98622,47864.13369
37.5,12000.31964,12000.31964,12026.85889,12026.85889,96802.34984,96684.85409,12164.07648,12085.60676,46912.64196,47865.83202
37.6,12000.30366,12000.30366,12026.62953,12026.62953,96788.62809,96673.50971,12161.30242,12084.18871,46929.01765,47867.50912
37.7,12000.28847,12000.28847,12026.406,12026.406,96775.1608,96662.37824,12158.57135,12082.79728,46945.11752,47869.16525
37.8,12000.27405,12000.27405,12026.18803,12026.18803,96761.94426,96651.45626,12155.88292,12081.43203,46960.94581,47870.80069
37.9,12000.26035,12000.26035,12025.97533,12025.97533,96748.97477,96640.74034,12153.23673,12080.09254,46976.5067,47872.41568
38,12000.24733,12000.24733,12025.76763,12025.76763,96736.24863,96630.22712,12150.63242,12078.77839,46991.80434,47874.01048
38.1,12000.23496,12000.23496,12025.56468,12025.56468,96723.76215,96619.91321,12148.06959,12077.48915,47006.84285,47875.58535
38.2,12000.22321,12000.22321,12025.36623,12025.36623,96711.51166,96609.7953,12145.54786,12076.22441,47021.62631,47877.14054
38.3,12000.21205,12000.21205,12025.17204,12025.17204,96699.4935,96599.87007,12143.06682,12074.98376,47036.15877,47878.67628
38.4,12000.20145,12000.20145,12024.98188,12024.98188,96687.70402,96590.13423,12140.62609,12073.76678,47050.44425,47880.19283
38.5,12000.19138,12000.19138,12024.79553,12024.79553,96676.1396,96580.58453,12138.22524,12072.57307,47064.48671,47881.69042
38.6,12000.18181,12000.18181,12024.61278,12024.61278,96664.79663,96571.21776,12135.86388,12071.40222,47078.2901,47883.16929
38.7,12000.17272,12000.17272,12024.43343,12024.43343,96653.67152,96562.0307,12133.54159,12070.25384,47091.85831,47884.62967
38.8,12000.16408,12000.16408,12024.25727,12024.25727,96642.7607,96553.0202,12131.25797,12069.12753,47105.1952,47886.0718
38.9,12000.15588,12000.15588,12024.08413,12024.08413,96632.06063,96544.18312,12129.01258,12068.02289,47118.30458,47887.4959
39,12000.14809,12000.14809,12023.91383,12023.91383,96621.56779,96535.51635,12126.805,12066.93954,47131.19025,47888.9022
39.1,12000.14068,12000.14068,12023.74618,12023.74618,96611.27867,96527.01683,12124.63483,12065.8771,47143.85595,47890.29093
39.2,12000.13365,12000.13365,12023.58104,12023.58104,96601.18981,96518.68151,12122.50161,12064.83519,47156.30536,47891.66229
39.3,12000.12696,12000.12696,12023.41823,12023.41823,96591.29775,96510.50737,12120.40494,12063.81342,47168.54216,47893.01651
39.4,12000.12062,12000.12062,12023.25762,12023.25762,96581.59908,96502.49146,12118.34437,12062.81143,47180.56995,47894.3538
39.5,12000.11459,12000.11459,12023.09906,12023.09906,96572.0904,96494.63081,12116.31947,12061.82885,47192.39233,47895.67438
39.6,12000.10886,12000.10886,12022.9424,12022.9424,96562.76836,96486.92254,12114.32982,12060.86532,47204.01282,47896.97845
39.7,12000.10341,12000.10341,12022.78753,12022.78753,96553.62962,96479.36375,12112.37496,12059.92047,47215.43491,47898.26622
39.8,12000.09824,12000.09824,12022.63432,12022.63432,96544.67088,96471.95161,12110.45447,12058.99395,47226.66207,47899.53789
39.9,12000.09333,12000.09333,12022.48264,12022.48264,96535.88886,96464.68332,12108.5679,12058.08541,47237.69769,47900.79367
40,12000.08866,12000.08866,12022.33239,12022.33239,96527.28034,96457.5561,12106.71483,12057.19451,47248.54515,47902.03375
